{"type": "block", "layer": 0, "block": 0, "features": [{"geom": {"pts": [[-8.900382694248925, 6.990416950144113, 6.479266706742026]], "r": 0.9999725886914824}, "mtl": 0}], "featureCount": 1}