{"type": "block", "layer": 1, "block": 0, "features": [{"geom": {"pts": [[0.07594896279294883, 1.0682689055504093, 1.9233574262019024]], "r": 0.9999725886914824}, "mtl": 0}], "featureCount": 1}