{"type": "block", "layer": 2, "block": 0, "features": [{"geom": {"pts": [[-5.953960434875233, -13.592946764265962, 1.2332085884848887]], "r": 0.9999725886914824}, "mtl": 0}], "featureCount": 1}